app,corridas,km,receita,receita_por_corrida,receita_por_km
KEETA,129,1155.157,1863.3799999999999,14.444806201550387,1.6130967478879494
IFOOD,64,315.935,629.21,9.83140625,1.9915805466314274
